snp,id,pos,chromosome
rs1490413,NC_000001.11,4307263,1
rs560681,NC_000001.11,160816880,1
rs1294331,NC_000001.11,233312667,1
rs10495407,NC_000001.11,238276008,1
rs891700,NC_000001.11,239718626,1
rs1413212,NC_000001.11,242643495,1
rs876724,NC_000002.12,114974,2
rs1109037,NC_000002.12,9945593,2
rs993934,NC_000002.12,123351637,2
rs12997453,NC_000002.12,181548532,2
rs907100,NC_000002.12,238654938,2
rs1357617,NC_000003.12,920099,3
rs4364205,NC_000003.12,32376152,3
rs2399332,NC_000003.12,110582279,3
rs1355366,NC_000003.12,191088319,3
rs6444724,NC_000003.12,193489591,3
rs2046361,NC_000004.12,10967435,4
rs279844,NC_000004.12,46327638,4
rs6811238,NC_000004.12,168742464,4
rs1979255,NC_000004.12,189396926,4
rs717302,NC_000005.10,2879281,5
rs159606,NC_000005.10,17374789,5
rs13182883,NC_000005.10,137297649,5
rs251934,NC_000005.10,175351675,5
rs338882,NC_000005.10,179263724,5
rs13218440,NC_000006.12,12059721,6
rs1336071,NC_000006.12,93827537,6
rs214955,NC_000006.12,152376571,6
rs727811,NC_000006.12,164624301,6
rs6955448,NC_000007.14,4270733,7
rs917118,NC_000007.14,4417372,7
rs321198,NC_000007.14,137345092,7
rs737681,NC_000007.14,156198119,7
rs763869,NC_000008.11,1427444,8
rs10092491,NC_000008.11,28553555,8
rs2056277,NC_000008.11,138386873,8
rs4606077,NC_000008.11,143574584,8
rs1015250,NC_000009.12,1823774,9
rs7041158,NC_000009.12,27985940,9
rs1463729,NC_000009.12,124119169,9
rs1360288,NC_000009.12,126205784,9
rs10776839,NC_000009.12,134525462,9
rs826472,NC_000010.11,2364437,10
rs735155,NC_000010.11,3331986,10
rs3780962,NC_000010.11,17151347,10
rs740598,NC_000010.11,116747388,10
rs964681,NC_000010.11,130900156,10
rs1498553,NC_000011.10,5687798,11
rs901398,NC_000011.10,11074674,11
rs10488710,NC_000011.10,115336457,11
rs2076848,NC_000011.10,134797652,11
rs2107612,NC_000012.12,779154,12
rs2269355,NC_000012.12,6836750,12
rs2920816,NC_000012.12,40469250,12
rs2111980,NC_000012.12,105934476,12
rs10773760,NC_000012.12,130277151,12
rs1335873,NC_000013.11,20327585,13
rs1886510,NC_000013.11,21800561,13
rs1058083,NC_000013.11,99385979,13
rs354439,NC_000013.11,106286062,13
rs1454361,NC_000014.9,25381626,14
rs722290,NC_000014.9,52750005,14
rs873196,NC_000014.9,98379194,14
rs4530059,NC_000014.9,104302812,14
rs1821380,NC_000015.10,39021201,15
rs8037429,NC_000015.10,53324712,15
rs1528460,NC_000015.10,54918507,15
rs729172,NC_000016.10,5556196,16
rs2342747,NC_000016.10,5818699,16
rs430046,NC_000016.10,77983154,16
rs1382387,NC_000016.10,80072464,16
rs9905977,NC_000017.11,3016099,17
rs740910,NC_000017.11,5803303,17
rs938283,NC_000017.11,79472416,17
rs8078417,NC_000017.11,82504059,17
rs1493232,NC_000018.10,1127985,18
rs9951171,NC_000018.10,9749882,18
rs1736442,NC_000018.10,57558545,18
rs1024116,NC_000018.10,77720430,18
rs719366,NC_000019.10,27972429,19
rs576261,NC_000019.10,39069167,19
rs1031825,NC_000020.11,4466836,20
rs445251,NC_000020.11,15144287,20
rs1005533,NC_000020.11,40858470,20
rs1523537,NC_000020.11,52679623,20
rs722098,NC_000021.9,15313279,21
rs2830795,NC_000021.9,27235844,21
rs2831700,NC_000021.9,28307368,21
rs914165,NC_000021.9,41044003,21
rs221956,NC_000021.9,42186887,21
rs733164,NC_000022.11,27420823,22
rs987640,NC_000022.11,33163522,22
rs2040411,NC_000022.11,47440662,22
rs1028528,NC_000022.11,47966541,22
