locus,assembly,chromosome,start,end,CE,bracketSequence
D1S1656,GRCh38.p12,1,230769616,230769683,17,CCTA [TCTA]16
TPOX,GRCh38.p12,2,1489653,1489684,8,[AATG]8
D2S441,GRCh38.p12,2,68011947,68011994,12,[TCTA]12
D2S1338,GRCh38.p12,2,218014859,218014950,23,[GGAA]2 GGAC [GGAA]13 [GGCA]7
D3S1358,GRCh38.p12,3,45540739,45540802,16,TCTA TCTG [TCTA]14
D4S2408,GRCh38.p12,4,31302798,31302833,9,[ATCT]9
FGA,GRCh38.p12,4,154587736,154587823,22,[GGAA]2 GGAG [AAAG]14 AGAA AAAA [GAAA]3
D5S818,GRCh38.p12,5,123775556,123775599,11,[ATCT]11
CSF1PO,GRCh38.p12,5,150076324,150076375,13,[ATCT]13
D6S1043,GRCh38.p12,6,91740225,91740272,12,[ATCT]12
D7S820,GRCh38.p12,7,84160226,84160277,13,[TATC]13
D8S1179,GRCh38.p12,8,124894865,124894916,13,TCTA TCTG [TCTA]11
D9S1122,GRCh38.p12,9,77073826,77073873,12,[TAGA]12
D10S1248,GRCh38.p12,10,129294244,129294295,13,[GGAA]13
TH01,GRCh38.p12,11,2171088,2171115,7,[AATG]7
vWA,GRCh38.p12,12,5983977,5984044,17,[TAGA]11 [CAGA]5 TAGA
D12S391,GRCh38.p12,12,12297020,12297095,19,[AGAT]11 [AGAC]7 AGAT
D13S317,GRCh38.p12,13,82148025,82148068,11,[TATC]11
PentaE,GRCh38.p12,15,96831015,96831039,5,[TCTTT]5
D16S539,GRCh38.p12,16,86352702,86352745,11,[GATA]11
D17S1301,GRCh38.p12,17,74684855,74684902,12,[AGAT]12
D18S51,GRCh38.p12,18,63281667,63281738,18,[AGAA]18
D19S433,GRCh38.p12,19,29926235,29926298,14,[CCTT]12 ccta CCTT cttt CCTT
D20S482,GRCh38.p12,20,4525692,4525747,14,[AGAT]14
D21S11,GRCh38.p12,21,19181973,19182099,29,[TCTA]4 [TCTG]6 [TCTA]3 ta [TCTA]3 tca [TCTA]2 tccata [TCTA]11
PentaD,GRCh38.p12,21,43636205,43636269,13,[AAAGA]13
D22S1045,GRCh38.p12,22,37140287,37140337,17,[ATT]14 ACT [ATT]2
