Locus,LocusKind
rs1490413,SNP
rs560681,SNP
rs1294331,SNP
rs10495407,SNP
rs891700,SNP
rs1413212,SNP
rs876724,SNP
rs1109037,SNP
rs993934,SNP
rs12997453,SNP
rs907100,SNP
rs1357617,SNP
rs4364205,SNP
rs2399332,SNP
rs1355366,SNP
rs6444724,SNP
rs2046361,SNP
rs279844,SNP
rs6811238,SNP
rs1979255,SNP
rs717302,SNP
rs159606,SNP
rs13182883,SNP
rs251934,SNP
rs338882,SNP
rs13218440,SNP
rs1336071,SNP
rs214955,SNP
rs727811,SNP
rs6955448,SNP
rs917118,SNP
rs321198,SNP
rs737681,SNP
rs763869,SNP
rs10092491,SNP
rs2056277,SNP
rs4606077,SNP
rs1015250,SNP
rs7041158,SNP
rs1463729,SNP
rs1360288,SNP
rs10776839,SNP
rs826472,SNP
rs735155,SNP
rs3780962,SNP
rs740598,SNP
rs964681,SNP
rs1498553,SNP
rs901398,SNP
rs10488710,SNP
rs2076848,SNP
rs2107612,SNP
rs2269355,SNP
rs2920816,SNP
rs2111980,SNP
rs10773760,SNP
rs1335873,SNP
rs1886510,SNP
rs1058083,SNP
rs354439,SNP
rs1454361,SNP
rs722290,SNP
rs873196,SNP
rs4530059,SNP
rs1821380,SNP
rs8037429,SNP
rs1528460,SNP
rs729172,SNP
rs2342747,SNP
rs430046,SNP
rs1382387,SNP
rs9905977,SNP
rs740910,SNP
rs938283,SNP
rs8078417,SNP
rs1493232,SNP
rs9951171,SNP
rs1736442,SNP
rs1024116,SNP
rs719366,SNP
rs576261,SNP
rs1031825,SNP
rs445251,SNP
rs1005533,SNP
rs1523537,SNP
rs722098,SNP
rs2830795,SNP
rs2831700,SNP
rs914165,SNP
rs221956,SNP
rs733164,SNP
rs987640,SNP
rs2040411,SNP
rs1028528,SNP
D1S1656,STR
TPOX,STR
D2S441,STR
D2S1338,STR
D3S1358,STR
D4S2408,STR
FGA,STR
D5S818,STR
CSF1PO,STR
D6S1043,STR
D7S820,STR
D8S1179,STR
D9S1122,STR
D10S1248,STR
TH01,STR
vWA,STR
D12S391,STR
D13S317,STR
PentaE,STR
D16S539,STR
D17S1301,STR
D18S51,STR
D19S433,STR
D20S482,STR
D21S11,STR
PentaD,STR
D22S1045,STR
SE33,STR
